{
  "project_info": {
    "project_number": "128989168101",
    "project_id": "cotel-8e304",
    "storage_bucket": "cotel-8e304.appspot.com"
  },
  "client": [
    {
      "client_info": {
        "mobilesdk_app_id": "1:128989168101:android:250732948a95ff9d376f0c",
        "android_client_info": {
          "package_name": "com.example.cotel"
        }
      },
      "oauth_client": [],
      "api_key": [
        {
          "current_key": "AIzaSyCSGyAdCU7RaF0V83E62mxqJJQ00X_tkoo"
        }
      ],
      "services": {
        "appinvite_service": {
          "other_platform_oauth_client": []
        }
      }
    }
  ],
  "configuration_version": "1"
}